Sample	Population	read_ID	
B.aff.augustae30	1	B.aff.augustae30
B.aff.augustae56	2	B.aff.augustae56
B.aff.jagorii65	3	B.aff.jagorii65
B.aff.rubella169	4	B.aff.rubella169
B.aff.symbracteosa35	5	B.aff.symbracteosa35
B.aff.tafaensis87	6	B.aff.tafaensis87
B.aff.weigallii92	7	B.aff.weigallii92
B.aikrono237	8	B.aikrono237
B.aikrono240	9	B.aikrono240
B.antsiranensis175	10	B.antsiranensis175
B.arfakensis29	11	B.arfakensis29
B.asaroensis115	12	B.asaroensis115
B.asaroensis46	13	B.asaroensis46
B.asaroensis46a	14	B.asaroensis46a
B.atricha49	15	B.atricha49
B.atricha52	16	B.atricha52
B.augustae164	17	B.augustae164
B.bipinnatifida1	18	B.bipinnatifida1
B.bipinnatifida178	19	B.bipinnatifida178
B.bipinnatifida178a	20	B.bipinnatifida178a
B.bipinnatifida1a	21	B.bipinnatifida1a
B.bipinnatifida38	22	B.bipinnatifida38
B.bipinnatifida58	23	B.bipinnatifida58
B.brachybotrys147	24	B.brachybotrys147
B.brachybotrys147a	25	B.brachybotrys147a
B.brachybotrys205	26	B.brachybotrys205
B.brachybotrys205a	27	B.brachybotrys205a
B.bracteosa21	28	B.bracteosa21
B.brassii202	29	B.brassii202
B.brassii202a	30	B.brassii202a
B.brassii207	31	B.brassii207
B.brassii219	32	B.brassii219
B.brassii227	33	B.brassii227
B.cf.fulvovillosa31	34	B.cf.fulvovillosa31
B.cf.fulvovillosa31a	35	B.cf.fulvovillosa31a
B.cf.strigosa120	36	B.cf.strigosa120
B.cf.strigosa142	37	B.cf.strigosa142
B.chambersiae220	38	B.chambersiae220
B.cyrtandroides.sp.nov14	39	B.cyrtandroides.sp.nov14
B.cyrtandroides.sp.nov14a	40	B.cyrtandroides.sp.nov14a
B.cyrtandroides.sp.nov16	41	B.cyrtandroides.sp.nov16
B.cyrtandroides.sp.nov16a	42	B.cyrtandroides.sp.nov16a
B.cyrtandroides.sp.nov17	43	B.cyrtandroides.sp.nov17
B.cyrtandroides.sp.nov19	44	B.cyrtandroides.sp.nov19
B.erodifolia45	45	B.erodifolia45
B.erodifolia45a	46	B.erodifolia45a
B.fractalifolia236	47	B.fractalifolia236
B.fulvovillosa151	48	B.fulvovillosa151
B.fulvovillosa151a	49	B.fulvovillosa151a
B.kaniensis108	50	B.kaniensis108
B.kaniensis125	51	B.kaniensis125
B.kaniensis153	52	B.kaniensis153
B.kaniensis153a	53	B.kaniensis153a
B.kaniensis153b	54	B.kaniensis153b
B.kaniensis161	55	B.kaniensis161
B.kaniensis201	56	B.kaniensis201
B.kaniensis212	57	B.kaniensis212
B.kaniensis221	58	B.kaniensis221
B.kaniensis224	59	B.kaniensis224
B.kaniensis231	60	B.kaniensis231
B.kemumuensis27	61	B.kemumuensis27
B.lagunensis64	62	B.lagunensis64
B.leucostricta176	63	B.leucostricta176
B.longifolia34	64	B.longifolia34
B.maguniana180	65	B.maguniana180
B.maguniana2	66	B.maguniana2
B.maguniana206	67	B.maguniana206
B.maguniana226	68	B.maguniana226
B.maguniana229	69	B.maguniana229
B.maguniana2a	70	B.maguniana2a
B.maguniana61	71	B.maguniana61
B.magunianaHOLO198	72	B.magunianaHOLO198
B.magxbrassii15	73	B.magxbrassii15
B.malachosticta68	74	B.malachosticta68
B.maynensis37	75	B.maynensis37
B.mimikaensis159	76	B.mimikaensis159
B.mimikaensis159a	77	B.mimikaensis159a
B.mindanaensis74	78	B.mindanaensis74
B.modestiflora168	79	B.modestiflora168
B.octopetala11	80	B.octopetala11
B.oligandra162	81	B.oligandra162
B.oligandra200	82	B.oligandra200
B.pendulousOligandrae13	83	B.pendulousOligandrae13
B.pentandra210	84	B.pentandra210
B.peruviana36	85	B.peruviana36
B.sandaunensis238	86	B.sandaunensis238
B.sandsiana203	87	B.sandsiana203
B.serratipetalaELAE115.232	88	B.serratipetalaELAE115.232
B.sp.ABEG248.174	89	B.sp.ABEG248.174
B.sp.CKYang1598.179	90	B.sp.CKYang1598.179
B.sp.EKBOE46.171	91	B.sp.EKBOE46.171
B.speluncae62	92	B.speluncae62
B.S.Pet.102	93	B.S.Pet.102
B.S.Pet.104	94	B.S.Pet.104
B.S.Pet.105	95	B.S.Pet.105
B.S.Pet.127	96	B.S.Pet.127
B.S.Pet.128	97	B.S.Pet.128
B.S.Pet.129	98	B.S.Pet.129
B.S.Pet.156	99	B.S.Pet.156
B.S.Pet.157	100	B.S.Pet.157
B.S.Pet.235	101	B.S.Pet.235
B.S.Pet.239	102	B.S.Pet.239
B.S.Pet.241	103	B.S.Pet.241
B.S.Pet.242	104	B.S.Pet.242
B.S.Pet.243	105	B.S.Pet.243
B.S.Pet.244	106	B.S.Pet.244
B.S.Pet.245	107	B.S.Pet.245
B.S.Pet.60	108	B.S.Pet.60
B.S.Pet.60a	109	B.S.Pet.60a
B.S.Pet.78	110	B.S.Pet.78
B.S.Pet.80	111	B.S.Pet.80
B.S.Pet.83	112	B.S.Pet.83
B.S.Pet.84	113	B.S.Pet.84
B.S.Pet.89	114	B.S.Pet.89
B.S.Pet.93	115	B.S.Pet.93
B.S.Pet.96	116	B.S.Pet.96
B.S.Pet.97	117	B.S.Pet.97
B.S.Pet.98	118	B.S.Pet.98
B.S.Pet.99	119	B.S.Pet.99
B.S.Pet.B1.133	120	B.S.Pet.B1.133
B.S.Pet.B13.111	121	B.S.Pet.B13.111
B.S.Pet.B13.44	122	B.S.Pet.B13.44
B.S.Pet.B1.39	123	B.S.Pet.B1.39
B.S.Pet.B15.110	124	B.S.Pet.B15.110
B.S.Pet.B15.40	125	B.S.Pet.B15.40
B.S.Pet.B33.131	126	B.S.Pet.B33.131
B.S.Pet.B33.43	127	B.S.Pet.B33.43
B.S.Pet.B44.132	128	B.S.Pet.B44.132
B.S.Pet.B44.41	129	B.S.Pet.B44.41
B.S.Pet.B46.112	130	B.S.Pet.B46.112
B.S.Pet.B46.42	131	B.S.Pet.B46.42
B.S.Pet.ELAE104.228	132	B.S.Pet.ELAE104.228
B.S.Pet.ELAE111.230	133	B.S.Pet.ELAE111.230
B.S.Pet.ELAE118.233	134	B.S.Pet.ELAE118.233
B.S.Pet.ELAE119.234	135	B.S.Pet.ELAE119.234
B.S.Pet.ELAE1.195	136	B.S.Pet.ELAE1.195
B.S.Pet.ELAE27.204	137	B.S.Pet.ELAE27.204
B.S.Pet.ELAE4.196	138	B.S.Pet.ELAE4.196
B.S.Pet.ELAE52.211	139	B.S.Pet.ELAE52.211
B.S.Pet.ELAE62.213	140	B.S.Pet.ELAE62.213
B.S.Pet.ELAE72.214	141	B.S.Pet.ELAE72.214
B.S.Pet.ELAE81.215	142	B.S.Pet.ELAE81.215
B.S.Pet.ELAE82.216	143	B.S.Pet.ELAE82.216
B.S.Pet.ELAE83.217	144	B.S.Pet.ELAE83.217
B.S.Pet.ELAE86.218	145	B.S.Pet.ELAE86.218
B.S.Pet.ELAE93.222	146	B.S.Pet.ELAE93.222
B.S.Pet.ELAE94.223	147	B.S.Pet.ELAE94.223
B.S.Pet.ELAE98.225	148	B.S.Pet.ELAE98.225
B.sp.P.Blanc172	149	B.sp.P.Blanc172
B.sp.P.Blanc2173	150	B.sp.P.Blanc2173
B.sp.Rubite488.177	151	B.sp.Rubite488.177
B.sp.SUBOE60.26	152	B.sp.SUBOE60.26
B.sp.SUBOE81.54	153	B.sp.SUBOE81.54
B.sp.Wilkie29116.71	154	B.sp.Wilkie29116.71
B.sp.Wilkie29124.76	155	B.sp.Wilkie29124.76
B.sp.Wilkie29127.72	156	B.sp.Wilkie29127.72
B.S.Sym.117	157	B.S.Sym.117
B.S.Sym.117a	158	B.S.Sym.117a
B.S.Sym.28	159	B.S.Sym.28
B.S.Sym.28a	160	B.S.Sym.28a
B.S.Sym.32	161	B.S.Sym.32
B.S.Sym.48	162	B.S.Sym.48
B.S.Sym.48a	163	B.S.Sym.48a
B.S.Sym.B32.140	164	B.S.Sym.B32.140
B.S.Sym.B34.121	165	B.S.Sym.B34.121
B.S.Sym.ELAE46.209	166	B.S.Sym.ELAE46.209
B.stenogyna67	167	B.stenogyna67
B.stictopoda170	168	B.stictopoda170
B.stictopoda51	169	B.stictopoda51
B.stilandra18	170	B.stilandra18
B.stilandra18a	171	B.stilandra18a
B.strigosa113	172	B.strigosa113
B.strigosa116	173	B.strigosa116
B.subciliata24	174	B.subciliata24
B.symbracteosa158	175	B.symbracteosa158
B.symsanguinea139	176	B.symsanguinea139
B.symsanguinea25	177	B.symsanguinea25
B.symsanguinea25a	178	B.symsanguinea25a
B.trichopoda50	179	B.trichopoda50
B.trichopoda53	180	B.trichopoda53
B.uniflora167	181	B.uniflora167
B.vinkii134	182	B.vinkii134
B.vinkii138	183	B.vinkii138
B.vinkii197	184	B.vinkii197
B.vinkii199	185	B.vinkii199
B.vinkii208	186	B.vinkii208
B.vinkii3	187	B.vinkii3
B.vinkii3a	188	B.vinkii3a
B.vinkii3b	189	B.vinkii3b
B.weigallii57	190	B.weigallii57
Hillebrandia	191	Hillebrandia
