Chromosome,Start,End
Hannah_Begonia_baits-ACmerged_contig_1002,1,811
Hannah_Begonia_baits-ACmerged_contig_10026,1,4034
Hannah_Begonia_baits-ACmerged_contig_10030,1,1862
Hannah_Begonia_baits-ACmerged_contig_10035,1,1386
Hannah_Begonia_baits-ACmerged_contig_10054,1,2073
Hannah_Begonia_baits-ACmerged_contig_10072,1,3833
Hannah_Begonia_baits-ACmerged_contig_10096,1,1495
Hannah_Begonia_baits-ACmerged_contig_10104,1,644
Hannah_Begonia_baits-ACmerged_contig_1011,1,1277
Hannah_Begonia_baits-ACmerged_contig_1013,1,1933
Hannah_Begonia_baits-ACmerged_contig_10142,1,2584
Hannah_Begonia_baits-ACmerged_contig_10153,1,3230
Hannah_Begonia_baits-ACmerged_contig_10188,1,3454
Hannah_Begonia_baits-ACmerged_contig_10198,1,1707
Hannah_Begonia_baits-ACmerged_contig_10199,1,3318
Hannah_Begonia_baits-ACmerged_contig_10257,1,1144
Hannah_Begonia_baits-ACmerged_contig_10262,1,1570
Hannah_Begonia_baits-ACmerged_contig_10274,1,650
Hannah_Begonia_baits-ACmerged_contig_10275,1,1869
Hannah_Begonia_baits-ACmerged_contig_10281,1,1594
Hannah_Begonia_baits-ACmerged_contig_10343,1,2661
Hannah_Begonia_baits-ACmerged_contig_10350,1,2105
Hannah_Begonia_baits-ACmerged_contig_1036,1,2628
Hannah_Begonia_baits-ACmerged_contig_10365,1,2362
Hannah_Begonia_baits-ACmerged_contig_10412,1,1187
Hannah_Begonia_baits-ACmerged_contig_10453,1,583
Hannah_Begonia_baits-ACmerged_contig_10458,1,2550
Hannah_Begonia_baits-ACmerged_contig_10464,1,4504
Hannah_Begonia_baits-ACmerged_contig_10485,1,1587
Hannah_Begonia_baits-ACmerged_contig_10487,1,570
Hannah_Begonia_baits-ACmerged_contig_10492,1,1654
Hannah_Begonia_baits-ACmerged_contig_10499,1,1200
Hannah_Begonia_baits-ACmerged_contig_10500,1,836
Hannah_Begonia_baits-ACmerged_contig_10503,1,2700
Hannah_Begonia_baits-ACmerged_contig_10511,1,1839
Hannah_Begonia_baits-ACmerged_contig_10538,1,2320
Hannah_Begonia_baits-ACmerged_contig_10542,1,1677
Hannah_Begonia_baits-ACmerged_contig_10551,1,2016
Hannah_Begonia_baits-ACmerged_contig_1057,1,812
Hannah_Begonia_baits-ACmerged_contig_10585,1,1562
Hannah_Begonia_baits-ACmerged_contig_10594,1,3001
Hannah_Begonia_baits-ACmerged_contig_10614,1,1579
Hannah_Begonia_baits-ACmerged_contig_10646,1,3013
Hannah_Begonia_baits-ACmerged_contig_10647,1,1110
Hannah_Begonia_baits-ACmerged_contig_1065,1,1344
Hannah_Begonia_baits-ACmerged_contig_10656,1,1760
Hannah_Begonia_baits-ACmerged_contig_10672,1,1665
Hannah_Begonia_baits-ACmerged_contig_10685,1,454
Hannah_Begonia_baits-ACmerged_contig_1070,1,1256
Hannah_Begonia_baits-ACmerged_contig_10741,1,1128
Hannah_Begonia_baits-ACmerged_contig_10769,1,293
Hannah_Begonia_baits-ACmerged_contig_10770,1,1977
Hannah_Begonia_baits-ACmerged_contig_10804,1,2365
Hannah_Begonia_baits-ACmerged_contig_10827,1,1779
Hannah_Begonia_baits-ACmerged_contig_10828,1,460
Hannah_Begonia_baits-ACmerged_contig_10839,1,417
Hannah_Begonia_baits-ACmerged_contig_10848,1,1411
Hannah_Begonia_baits-ACmerged_contig_10858,1,1451
Hannah_Begonia_baits-ACmerged_contig_10867,1,1276
Hannah_Begonia_baits-ACmerged_contig_10874,1,1672
Hannah_Begonia_baits-ACmerged_contig_1089,1,5337
Hannah_Begonia_baits-ACmerged_contig_10925,1,2335
Hannah_Begonia_baits-ACmerged_contig_10931,1,885
Hannah_Begonia_baits-ACmerged_contig_10963,1,985
Hannah_Begonia_baits-ACmerged_contig_1098,1,423
Hannah_Begonia_baits-ACmerged_contig_10984,1,1754
Hannah_Begonia_baits-ACmerged_contig_10985,1,1897
Hannah_Begonia_baits-ACmerged_contig_11003,1,3188
Hannah_Begonia_baits-ACmerged_contig_11010,1,1909
Hannah_Begonia_baits-ACmerged_contig_11033,1,1927
Hannah_Begonia_baits-ACmerged_contig_11038,1,2762
Hannah_Begonia_baits-ACmerged_contig_11039,1,1394
Hannah_Begonia_baits-ACmerged_contig_11044,1,312
Hannah_Begonia_baits-ACmerged_contig_11120,1,2058
Hannah_Begonia_baits-ACmerged_contig_11128,1,1543
Hannah_Begonia_baits-ACmerged_contig_11154,1,1379
Hannah_Begonia_baits-ACmerged_contig_11160,1,5990
Hannah_Begonia_baits-ACmerged_contig_11202,1,1809
Hannah_Begonia_baits-ACmerged_contig_1122,1,1687
Hannah_Begonia_baits-ACmerged_contig_11241,1,682
Hannah_Begonia_baits-ACmerged_contig_11245,1,3049
Hannah_Begonia_baits-ACmerged_contig_11284,1,2241
Hannah_Begonia_baits-ACmerged_contig_11297,1,1359
Hannah_Begonia_baits-ACmerged_contig_113,1,3909
Hannah_Begonia_baits-ACmerged_contig_11301,1,2141
Hannah_Begonia_baits-ACmerged_contig_11319,1,3613
Hannah_Begonia_baits-ACmerged_contig_11326,1,1437
Hannah_Begonia_baits-ACmerged_contig_11347,1,1656
Hannah_Begonia_baits-ACmerged_contig_11360,1,4719
Hannah_Begonia_baits-ACmerged_contig_11373,1,901
Hannah_Begonia_baits-ACmerged_contig_11390,1,1312
Hannah_Begonia_baits-ACmerged_contig_11411,1,1203
Hannah_Begonia_baits-ACmerged_contig_11416,1,3987
Hannah_Begonia_baits-ACmerged_contig_11434,1,531
Hannah_Begonia_baits-ACmerged_contig_11438,1,1357
Hannah_Begonia_baits-ACmerged_contig_11450,1,1928
Hannah_Begonia_baits-ACmerged_contig_11491,1,986
Hannah_Begonia_baits-ACmerged_contig_11562,1,308
Hannah_Begonia_baits-ACmerged_contig_1157,1,1695
Hannah_Begonia_baits-ACmerged_contig_11590,1,379
Hannah_Begonia_baits-ACmerged_contig_1163,1,606
Hannah_Begonia_baits-ACmerged_contig_11644,1,1942
Hannah_Begonia_baits-ACmerged_contig_1166,1,1216
Hannah_Begonia_baits-ACmerged_contig_11665,1,1235
Hannah_Begonia_baits-ACmerged_contig_11692,1,2541
Hannah_Begonia_baits-ACmerged_contig_11703,1,1459
Hannah_Begonia_baits-ACmerged_contig_11704,1,1619
Hannah_Begonia_baits-ACmerged_contig_11758,1,2134
Hannah_Begonia_baits-ACmerged_contig_11780,1,540
Hannah_Begonia_baits-ACmerged_contig_11789,1,3777
Hannah_Begonia_baits-ACmerged_contig_11831,1,971
Hannah_Begonia_baits-ACmerged_contig_11873,1,3272
Hannah_Begonia_baits-ACmerged_contig_11875,1,1180
Hannah_Begonia_baits-ACmerged_contig_11884,1,1326
Hannah_Begonia_baits-ACmerged_contig_119,1,433
Hannah_Begonia_baits-ACmerged_contig_1190,1,4682
Hannah_Begonia_baits-ACmerged_contig_11901,1,317
Hannah_Begonia_baits-ACmerged_contig_11909,1,1623
Hannah_Begonia_baits-ACmerged_contig_11914,1,506
Hannah_Begonia_baits-ACmerged_contig_11915,1,2472
Hannah_Begonia_baits-ACmerged_contig_1195,1,1722
Hannah_Begonia_baits-ACmerged_contig_11977,1,1024
Hannah_Begonia_baits-ACmerged_contig_11997,1,3471
Hannah_Begonia_baits-ACmerged_contig_12046,1,5171
Hannah_Begonia_baits-ACmerged_contig_12069,1,498
Hannah_Begonia_baits-ACmerged_contig_1207,1,1219
Hannah_Begonia_baits-ACmerged_contig_12083,1,1004
Hannah_Begonia_baits-ACmerged_contig_12108,1,856
Hannah_Begonia_baits-ACmerged_contig_12133,1,3273
Hannah_Begonia_baits-ACmerged_contig_12144,1,1257
Hannah_Begonia_baits-ACmerged_contig_12170,1,2728
Hannah_Begonia_baits-ACmerged_contig_1224,1,413
Hannah_Begonia_baits-ACmerged_contig_12252,1,1922
Hannah_Begonia_baits-ACmerged_contig_12282,1,1914
Hannah_Begonia_baits-ACmerged_contig_12288,1,4437
Hannah_Begonia_baits-ACmerged_contig_12298,1,1426
Hannah_Begonia_baits-ACmerged_contig_12354,1,1960
Hannah_Begonia_baits-ACmerged_contig_12366,1,898
Hannah_Begonia_baits-ACmerged_contig_12373,1,1109
Hannah_Begonia_baits-ACmerged_contig_12374,1,1829
Hannah_Begonia_baits-ACmerged_contig_12385,1,713
Hannah_Begonia_baits-ACmerged_contig_12414,1,3484
Hannah_Begonia_baits-ACmerged_contig_12427,1,2170
Hannah_Begonia_baits-ACmerged_contig_12456,1,1010
Hannah_Begonia_baits-ACmerged_contig_12459,1,513
Hannah_Begonia_baits-ACmerged_contig_12513,1,1158
Hannah_Begonia_baits-ACmerged_contig_12556,1,1365
Hannah_Begonia_baits-ACmerged_contig_12560,1,1481
Hannah_Begonia_baits-ACmerged_contig_1258,1,2303
Hannah_Begonia_baits-ACmerged_contig_12594,1,2587
Hannah_Begonia_baits-ACmerged_contig_1262,1,2799
Hannah_Begonia_baits-ACmerged_contig_12638,1,1201
Hannah_Begonia_baits-ACmerged_contig_12715,1,1562
Hannah_Begonia_baits-ACmerged_contig_12724,1,1375
Hannah_Begonia_baits-ACmerged_contig_12748,1,1756
Hannah_Begonia_baits-ACmerged_contig_1276,1,948
Hannah_Begonia_baits-ACmerged_contig_12770,1,2314
Hannah_Begonia_baits-ACmerged_contig_12792,1,2540
Hannah_Begonia_baits-ACmerged_contig_1281,1,3734
Hannah_Begonia_baits-ACmerged_contig_12839,1,1002
Hannah_Begonia_baits-ACmerged_contig_12862,1,1680
Hannah_Begonia_baits-ACmerged_contig_12867,1,1399
Hannah_Begonia_baits-ACmerged_contig_12874,1,2250
Hannah_Begonia_baits-ACmerged_contig_12881,1,609
Hannah_Begonia_baits-ACmerged_contig_12887,1,1247
Hannah_Begonia_baits-ACmerged_contig_12932,1,1864
Hannah_Begonia_baits-ACmerged_contig_12947,1,2173
Hannah_Begonia_baits-ACmerged_contig_1295,1,1292
Hannah_Begonia_baits-ACmerged_contig_12984,1,2253
Hannah_Begonia_baits-ACmerged_contig_1299,1,560
Hannah_Begonia_baits-ACmerged_contig_12996,1,2367
Hannah_Begonia_baits-ACmerged_contig_13026,1,3371
Hannah_Begonia_baits-ACmerged_contig_13052,1,296
Hannah_Begonia_baits-ACmerged_contig_13120,1,947
Hannah_Begonia_baits-ACmerged_contig_13134,1,2167
Hannah_Begonia_baits-ACmerged_contig_13172,1,532
Hannah_Begonia_baits-ACmerged_contig_13201,1,395
Hannah_Begonia_baits-ACmerged_contig_13208,1,1353
Hannah_Begonia_baits-ACmerged_contig_13251,1,1972
Hannah_Begonia_baits-ACmerged_contig_13266,1,280
Hannah_Begonia_baits-ACmerged_contig_13278,1,2530
Hannah_Begonia_baits-ACmerged_contig_13381,1,475
Hannah_Begonia_baits-ACmerged_contig_13424,1,2449
Hannah_Begonia_baits-ACmerged_contig_13436,1,294
Hannah_Begonia_baits-ACmerged_contig_13446,1,738
Hannah_Begonia_baits-ACmerged_contig_13491,1,1596
Hannah_Begonia_baits-ACmerged_contig_13502,1,383
Hannah_Begonia_baits-ACmerged_contig_13540,1,1125
Hannah_Begonia_baits-ACmerged_contig_13559,1,1263
Hannah_Begonia_baits-ACmerged_contig_13579,1,1401
Hannah_Begonia_baits-ACmerged_contig_13590,1,1671
Hannah_Begonia_baits-ACmerged_contig_13624,1,503
Hannah_Begonia_baits-ACmerged_contig_13626,1,2627
Hannah_Begonia_baits-ACmerged_contig_13662,1,2574
Hannah_Begonia_baits-ACmerged_contig_13687,1,1862
Hannah_Begonia_baits-ACmerged_contig_13696,1,984
Hannah_Begonia_baits-ACmerged_contig_13801,1,426
Hannah_Begonia_baits-ACmerged_contig_13814,1,1926
Hannah_Begonia_baits-ACmerged_contig_1383,1,3440
Hannah_Begonia_baits-ACmerged_contig_13832,1,1407
Hannah_Begonia_baits-ACmerged_contig_13838,1,2937
Hannah_Begonia_baits-ACmerged_contig_13865,1,1111
Hannah_Begonia_baits-ACmerged_contig_13889,1,1882
Hannah_Begonia_baits-ACmerged_contig_1389,1,3051
Hannah_Begonia_baits-ACmerged_contig_13892,1,1909
Hannah_Begonia_baits-ACmerged_contig_13923,1,802
Hannah_Begonia_baits-ACmerged_contig_1393,1,342
Hannah_Begonia_baits-ACmerged_contig_13942,1,2403
Hannah_Begonia_baits-ACmerged_contig_13968,1,1199
Hannah_Begonia_baits-ACmerged_contig_13986,1,2420
Hannah_Begonia_baits-ACmerged_contig_14003,1,1980
Hannah_Begonia_baits-ACmerged_contig_14019,1,1717
Hannah_Begonia_baits-ACmerged_contig_14020,1,991
Hannah_Begonia_baits-ACmerged_contig_14029,1,3302
Hannah_Begonia_baits-ACmerged_contig_1407,1,770
Hannah_Begonia_baits-ACmerged_contig_14095,1,2063
Hannah_Begonia_baits-ACmerged_contig_14113,1,1456
Hannah_Begonia_baits-ACmerged_contig_14123,1,1094
Hannah_Begonia_baits-ACmerged_contig_14126,1,351
Hannah_Begonia_baits-ACmerged_contig_14131,1,1484
Hannah_Begonia_baits-ACmerged_contig_14152,1,1003
Hannah_Begonia_baits-ACmerged_contig_14203,1,601
Hannah_Begonia_baits-ACmerged_contig_14239,1,3228
Hannah_Begonia_baits-ACmerged_contig_14244,1,1490
Hannah_Begonia_baits-ACmerged_contig_14280,1,452
Hannah_Begonia_baits-ACmerged_contig_14297,1,817
Hannah_Begonia_baits-ACmerged_contig_14313,1,1164
Hannah_Begonia_baits-ACmerged_contig_14320,1,1062
Hannah_Begonia_baits-ACmerged_contig_14324,1,647
Hannah_Begonia_baits-ACmerged_contig_14332,1,3408
Hannah_Begonia_baits-ACmerged_contig_14345,1,1473
Hannah_Begonia_baits-ACmerged_contig_14347,1,843
Hannah_Begonia_baits-ACmerged_contig_14354,1,2198
Hannah_Begonia_baits-ACmerged_contig_14385,1,1071
Hannah_Begonia_baits-ACmerged_contig_14417,1,2119
Hannah_Begonia_baits-ACmerged_contig_14443,1,3109
Hannah_Begonia_baits-ACmerged_contig_14473,1,2066
Hannah_Begonia_baits-ACmerged_contig_14477,1,1533
Hannah_Begonia_baits-ACmerged_contig_14516,1,1118
Hannah_Begonia_baits-ACmerged_contig_14529,1,872
Hannah_Begonia_baits-ACmerged_contig_1454,1,4155
Hannah_Begonia_baits-ACmerged_contig_14583,1,1574
Hannah_Begonia_baits-ACmerged_contig_14588,1,1871
Hannah_Begonia_baits-ACmerged_contig_14599,1,1364
Hannah_Begonia_baits-ACmerged_contig_14621,1,2745
Hannah_Begonia_baits-ACmerged_contig_14625,1,1203
Hannah_Begonia_baits-ACmerged_contig_14637,1,2968
Hannah_Begonia_baits-ACmerged_contig_14652,1,2408
Hannah_Begonia_baits-ACmerged_contig_14681,1,2810
Hannah_Begonia_baits-ACmerged_contig_1474,1,1007
Hannah_Begonia_baits-ACmerged_contig_1476,1,1171
Hannah_Begonia_baits-ACmerged_contig_14780,1,307
Hannah_Begonia_baits-ACmerged_contig_14819,1,1446
Hannah_Begonia_baits-ACmerged_contig_14837,1,1498
Hannah_Begonia_baits-ACmerged_contig_14874,1,1660
Hannah_Begonia_baits-ACmerged_contig_14909,1,2271
Hannah_Begonia_baits-ACmerged_contig_14919,1,3802
Hannah_Begonia_baits-ACmerged_contig_14954,1,354
Hannah_Begonia_baits-ACmerged_contig_14956,1,2744
Hannah_Begonia_baits-ACmerged_contig_14982,1,667
Hannah_Begonia_baits-ACmerged_contig_14992,1,1738
Hannah_Begonia_baits-ACmerged_contig_15018,1,1859
Hannah_Begonia_baits-ACmerged_contig_15076,1,1546
Hannah_Begonia_baits-ACmerged_contig_15128,1,815
Hannah_Begonia_baits-ACmerged_contig_15140,1,1765
Hannah_Begonia_baits-ACmerged_contig_15151,1,2330
Hannah_Begonia_baits-ACmerged_contig_15163,1,1993
Hannah_Begonia_baits-ACmerged_contig_1518,1,1546
Hannah_Begonia_baits-ACmerged_contig_15185,1,1872
Hannah_Begonia_baits-ACmerged_contig_15209,1,1759
Hannah_Begonia_baits-ACmerged_contig_15213,1,316
Hannah_Begonia_baits-ACmerged_contig_15231,1,1512
Hannah_Begonia_baits-ACmerged_contig_15245,1,2386
Hannah_Begonia_baits-ACmerged_contig_15278,1,1087
Hannah_Begonia_baits-ACmerged_contig_15296,1,1136
Hannah_Begonia_baits-ACmerged_contig_15307,1,655
Hannah_Begonia_baits-ACmerged_contig_15310,1,2906
Hannah_Begonia_baits-ACmerged_contig_15337,1,2968
Hannah_Begonia_baits-ACmerged_contig_15365,1,812
Hannah_Begonia_baits-ACmerged_contig_15371,1,1921
Hannah_Begonia_baits-ACmerged_contig_15477,1,807
Hannah_Begonia_baits-ACmerged_contig_15504,1,1631
Hannah_Begonia_baits-ACmerged_contig_1551,1,1397
Hannah_Begonia_baits-ACmerged_contig_15520,1,585
Hannah_Begonia_baits-ACmerged_contig_15569,1,1432
Hannah_Begonia_baits-ACmerged_contig_15575,1,854
Hannah_Begonia_baits-ACmerged_contig_15577,1,2499
Hannah_Begonia_baits-ACmerged_contig_15588,1,1804
Hannah_Begonia_baits-ACmerged_contig_15599,1,3098
Hannah_Begonia_baits-ACmerged_contig_15603,1,2113
Hannah_Begonia_baits-ACmerged_contig_15613,1,820
Hannah_Begonia_baits-ACmerged_contig_15618,1,1711
Hannah_Begonia_baits-ACmerged_contig_15621,1,865
Hannah_Begonia_baits-ACmerged_contig_15657,1,1339
Hannah_Begonia_baits-ACmerged_contig_15682,1,2923
Hannah_Begonia_baits-ACmerged_contig_15686,1,3133
Hannah_Begonia_baits-ACmerged_contig_15691,1,2567
Hannah_Begonia_baits-ACmerged_contig_15743,1,2140
Hannah_Begonia_baits-ACmerged_contig_15788,1,1421
Hannah_Begonia_baits-ACmerged_contig_15808,1,1663
Hannah_Begonia_baits-ACmerged_contig_1582,1,3996
Hannah_Begonia_baits-ACmerged_contig_15894,1,2438
Hannah_Begonia_baits-ACmerged_contig_15937,1,728
Hannah_Begonia_baits-ACmerged_contig_15990,1,1587
Hannah_Begonia_baits-ACmerged_contig_16,1,1824
Hannah_Begonia_baits-ACmerged_contig_16094,1,1634
Hannah_Begonia_baits-ACmerged_contig_16097,1,904
Hannah_Begonia_baits-ACmerged_contig_16110,1,528
Hannah_Begonia_baits-ACmerged_contig_16136,1,1407
Hannah_Begonia_baits-ACmerged_contig_16159,1,931
Hannah_Begonia_baits-ACmerged_contig_1618,1,2579
Hannah_Begonia_baits-ACmerged_contig_1620,1,2072
Hannah_Begonia_baits-ACmerged_contig_16234,1,1241
Hannah_Begonia_baits-ACmerged_contig_16241,1,453
Hannah_Begonia_baits-ACmerged_contig_1625,1,1354
Hannah_Begonia_baits-ACmerged_contig_16253,1,305
Hannah_Begonia_baits-ACmerged_contig_163,1,5244
Hannah_Begonia_baits-ACmerged_contig_1631,1,2676
Hannah_Begonia_baits-ACmerged_contig_16354,1,1264
Hannah_Begonia_baits-ACmerged_contig_1637,1,654
Hannah_Begonia_baits-ACmerged_contig_16376,1,1922
Hannah_Begonia_baits-ACmerged_contig_16383,1,1389
Hannah_Begonia_baits-ACmerged_contig_1641,1,2159
Hannah_Begonia_baits-ACmerged_contig_16424,1,406
Hannah_Begonia_baits-ACmerged_contig_16432,1,1392
Hannah_Begonia_baits-ACmerged_contig_16434,1,1715
Hannah_Begonia_baits-ACmerged_contig_16531,1,1513
Hannah_Begonia_baits-ACmerged_contig_16532,1,3675
Hannah_Begonia_baits-ACmerged_contig_16560,1,3623
Hannah_Begonia_baits-ACmerged_contig_16599,1,2733
Hannah_Begonia_baits-ACmerged_contig_16635,1,2255
Hannah_Begonia_baits-ACmerged_contig_16645,1,1716
Hannah_Begonia_baits-ACmerged_contig_16646,1,1148
Hannah_Begonia_baits-ACmerged_contig_16680,1,1984
Hannah_Begonia_baits-ACmerged_contig_16720,1,1049
Hannah_Begonia_baits-ACmerged_contig_16725,1,322
Hannah_Begonia_baits-ACmerged_contig_16738,1,845
Hannah_Begonia_baits-ACmerged_contig_16756,1,1423
Hannah_Begonia_baits-ACmerged_contig_16895,1,1031
Hannah_Begonia_baits-ACmerged_contig_16929,1,1824
Hannah_Begonia_baits-ACmerged_contig_16945,1,1536
Hannah_Begonia_baits-ACmerged_contig_16951,1,1589
Hannah_Begonia_baits-ACmerged_contig_16958,1,2393
Hannah_Begonia_baits-ACmerged_contig_17024,1,2914
Hannah_Begonia_baits-ACmerged_contig_17029,1,1519
Hannah_Begonia_baits-ACmerged_contig_17031,1,1671
Hannah_Begonia_baits-ACmerged_contig_17055,1,917
Hannah_Begonia_baits-ACmerged_contig_17065,1,966
Hannah_Begonia_baits-ACmerged_contig_17079,1,1271
Hannah_Begonia_baits-ACmerged_contig_17199,1,1807
Hannah_Begonia_baits-ACmerged_contig_17234,1,1941
Hannah_Begonia_baits-ACmerged_contig_17286,1,1795
Hannah_Begonia_baits-ACmerged_contig_17296,1,1292
Hannah_Begonia_baits-ACmerged_contig_17345,1,1304
Hannah_Begonia_baits-ACmerged_contig_17374,1,820
Hannah_Begonia_baits-ACmerged_contig_1741,1,890
Hannah_Begonia_baits-ACmerged_contig_17452,1,2952
Hannah_Begonia_baits-ACmerged_contig_17456,1,2358
Hannah_Begonia_baits-ACmerged_contig_17462,1,796
Hannah_Begonia_baits-ACmerged_contig_17483,1,1844
Hannah_Begonia_baits-ACmerged_contig_17491,1,1581
Hannah_Begonia_baits-ACmerged_contig_17539,1,1544
Hannah_Begonia_baits-ACmerged_contig_17541,1,1527
Hannah_Begonia_baits-ACmerged_contig_17577,1,2337
Hannah_Begonia_baits-ACmerged_contig_17603,1,2425
Hannah_Begonia_baits-ACmerged_contig_17648,1,568
Hannah_Begonia_baits-ACmerged_contig_1766,1,3324
Hannah_Begonia_baits-ACmerged_contig_17682,1,1050
Hannah_Begonia_baits-ACmerged_contig_17688,1,1535
Hannah_Begonia_baits-ACmerged_contig_17694,1,584
Hannah_Begonia_baits-ACmerged_contig_17726,1,726
Hannah_Begonia_baits-ACmerged_contig_17738,1,299
Hannah_Begonia_baits-ACmerged_contig_17770,1,1509
Hannah_Begonia_baits-ACmerged_contig_17778,1,1477
Hannah_Begonia_baits-ACmerged_contig_17781,1,2679
Hannah_Begonia_baits-ACmerged_contig_17799,1,1224
Hannah_Begonia_baits-ACmerged_contig_17803,1,397
Hannah_Begonia_baits-ACmerged_contig_1781,1,858
Hannah_Begonia_baits-ACmerged_contig_17834,1,2757
Hannah_Begonia_baits-ACmerged_contig_17844,1,943
Hannah_Begonia_baits-ACmerged_contig_17926,1,407
Hannah_Begonia_baits-ACmerged_contig_17954,1,990
Hannah_Begonia_baits-ACmerged_contig_17982,1,2679
Hannah_Begonia_baits-ACmerged_contig_1803,1,1830
Hannah_Begonia_baits-ACmerged_contig_18070,1,1587
Hannah_Begonia_baits-ACmerged_contig_18085,1,760
Hannah_Begonia_baits-ACmerged_contig_18090,1,412
Hannah_Begonia_baits-ACmerged_contig_18107,1,720
Hannah_Begonia_baits-ACmerged_contig_18113,1,1120
Hannah_Begonia_baits-ACmerged_contig_18130,1,1837
Hannah_Begonia_baits-ACmerged_contig_18159,1,1268
Hannah_Begonia_baits-ACmerged_contig_18216,1,2206
Hannah_Begonia_baits-ACmerged_contig_18264,1,3612
Hannah_Begonia_baits-ACmerged_contig_18282,1,1057
Hannah_Begonia_baits-ACmerged_contig_18293,1,1326
Hannah_Begonia_baits-ACmerged_contig_18320,1,1792
Hannah_Begonia_baits-ACmerged_contig_18436,1,1118
Hannah_Begonia_baits-ACmerged_contig_18478,1,1207
Hannah_Begonia_baits-ACmerged_contig_18512,1,1071
Hannah_Begonia_baits-ACmerged_contig_18567,1,1430
Hannah_Begonia_baits-ACmerged_contig_18609,1,2114
Hannah_Begonia_baits-ACmerged_contig_18617,1,1299
Hannah_Begonia_baits-ACmerged_contig_1865,1,3288
Hannah_Begonia_baits-ACmerged_contig_18651,1,620
Hannah_Begonia_baits-ACmerged_contig_18684,1,1811
Hannah_Begonia_baits-ACmerged_contig_18724,1,1154
Hannah_Begonia_baits-ACmerged_contig_18734,1,1018
Hannah_Begonia_baits-ACmerged_contig_1877,1,2138
Hannah_Begonia_baits-ACmerged_contig_18828,1,681
Hannah_Begonia_baits-ACmerged_contig_18884,1,1159
Hannah_Begonia_baits-ACmerged_contig_1897,1,1939
Hannah_Begonia_baits-ACmerged_contig_1899,1,635
Hannah_Begonia_baits-ACmerged_contig_19015,1,1229
Hannah_Begonia_baits-ACmerged_contig_19039,1,5373
Hannah_Begonia_baits-ACmerged_contig_19054,1,491
Hannah_Begonia_baits-ACmerged_contig_19056,1,513
Hannah_Begonia_baits-ACmerged_contig_19090,1,1030
Hannah_Begonia_baits-ACmerged_contig_19096,1,1082
Hannah_Begonia_baits-ACmerged_contig_19100,1,431
Hannah_Begonia_baits-ACmerged_contig_19136,1,668
Hannah_Begonia_baits-ACmerged_contig_19151,1,524
Hannah_Begonia_baits-ACmerged_contig_19175,1,2088
Hannah_Begonia_baits-ACmerged_contig_19196,1,1207
Hannah_Begonia_baits-ACmerged_contig_19206,1,1185
Hannah_Begonia_baits-ACmerged_contig_19217,1,1184
Hannah_Begonia_baits-ACmerged_contig_1922,1,592
Hannah_Begonia_baits-ACmerged_contig_1925,1,1020
Hannah_Begonia_baits-ACmerged_contig_19282,1,578
Hannah_Begonia_baits-ACmerged_contig_1930,1,1820
Hannah_Begonia_baits-ACmerged_contig_19304,1,924
Hannah_Begonia_baits-ACmerged_contig_19328,1,3674
Hannah_Begonia_baits-ACmerged_contig_19330,1,1700
Hannah_Begonia_baits-ACmerged_contig_19354,1,1216
Hannah_Begonia_baits-ACmerged_contig_19399,1,712
Hannah_Begonia_baits-ACmerged_contig_19408,1,1186
Hannah_Begonia_baits-ACmerged_contig_1944,1,928
Hannah_Begonia_baits-ACmerged_contig_1948,1,2109
Hannah_Begonia_baits-ACmerged_contig_19496,1,1275
Hannah_Begonia_baits-ACmerged_contig_195,1,1597
Hannah_Begonia_baits-ACmerged_contig_19500,1,389
Hannah_Begonia_baits-ACmerged_contig_19563,1,1720
Hannah_Begonia_baits-ACmerged_contig_19566,1,371
Hannah_Begonia_baits-ACmerged_contig_19586,1,1646
Hannah_Begonia_baits-ACmerged_contig_19609,1,2609
Hannah_Begonia_baits-ACmerged_contig_19660,1,931
Hannah_Begonia_baits-ACmerged_contig_1972,1,2022
Hannah_Begonia_baits-ACmerged_contig_19732,1,1005
Hannah_Begonia_baits-ACmerged_contig_19750,1,1110
Hannah_Begonia_baits-ACmerged_contig_19784,1,2293
Hannah_Begonia_baits-ACmerged_contig_1985,1,2868
Hannah_Begonia_baits-ACmerged_contig_19906,1,1509
Hannah_Begonia_baits-ACmerged_contig_19975,1,863
Hannah_Begonia_baits-ACmerged_contig_20,1,1465
Hannah_Begonia_baits-ACmerged_contig_20019,1,2028
Hannah_Begonia_baits-ACmerged_contig_20048,1,407
Hannah_Begonia_baits-ACmerged_contig_20085,1,2016
Hannah_Begonia_baits-ACmerged_contig_2012,1,3387
Hannah_Begonia_baits-ACmerged_contig_20128,1,960
Hannah_Begonia_baits-ACmerged_contig_2022,1,974
Hannah_Begonia_baits-ACmerged_contig_2026,1,1009
Hannah_Begonia_baits-ACmerged_contig_20272,1,327
Hannah_Begonia_baits-ACmerged_contig_20281,1,286
Hannah_Begonia_baits-ACmerged_contig_20290,1,1430
Hannah_Begonia_baits-ACmerged_contig_20392,1,1207
Hannah_Begonia_baits-ACmerged_contig_20410,1,809
Hannah_Begonia_baits-ACmerged_contig_20478,1,1446
Hannah_Begonia_baits-ACmerged_contig_20487,1,651
Hannah_Begonia_baits-ACmerged_contig_20535,1,1160
Hannah_Begonia_baits-ACmerged_contig_20629,1,896
Hannah_Begonia_baits-ACmerged_contig_20646,1,1104
Hannah_Begonia_baits-ACmerged_contig_20665,1,1278
Hannah_Begonia_baits-ACmerged_contig_208,1,2227
Hannah_Begonia_baits-ACmerged_contig_20806,1,723
Hannah_Begonia_baits-ACmerged_contig_20872,1,2459
Hannah_Begonia_baits-ACmerged_contig_2092,1,1923
Hannah_Begonia_baits-ACmerged_contig_20957,1,297
Hannah_Begonia_baits-ACmerged_contig_21066,1,604
Hannah_Begonia_baits-ACmerged_contig_21091,1,627
Hannah_Begonia_baits-ACmerged_contig_21108,1,983
Hannah_Begonia_baits-ACmerged_contig_21140,1,1003
Hannah_Begonia_baits-ACmerged_contig_21160,1,866
Hannah_Begonia_baits-ACmerged_contig_2123,1,1723
Hannah_Begonia_baits-ACmerged_contig_21237,1,1723
Hannah_Begonia_baits-ACmerged_contig_21262,1,1547
Hannah_Begonia_baits-ACmerged_contig_21328,1,1249
Hannah_Begonia_baits-ACmerged_contig_21331,1,1654
Hannah_Begonia_baits-ACmerged_contig_21359,1,561
Hannah_Begonia_baits-ACmerged_contig_21365,1,1086
Hannah_Begonia_baits-ACmerged_contig_21379,1,714
Hannah_Begonia_baits-ACmerged_contig_21459,1,1117
Hannah_Begonia_baits-ACmerged_contig_21466,1,1563
Hannah_Begonia_baits-ACmerged_contig_21513,1,1701
Hannah_Begonia_baits-ACmerged_contig_21567,1,746
Hannah_Begonia_baits-ACmerged_contig_21613,1,454
Hannah_Begonia_baits-ACmerged_contig_21645,1,1030
Hannah_Begonia_baits-ACmerged_contig_21646,1,1224
Hannah_Begonia_baits-ACmerged_contig_21688,1,1208
Hannah_Begonia_baits-ACmerged_contig_2172,1,561
Hannah_Begonia_baits-ACmerged_contig_21733,1,711
Hannah_Begonia_baits-ACmerged_contig_21765,1,2228
Hannah_Begonia_baits-ACmerged_contig_21854,1,1467
Hannah_Begonia_baits-ACmerged_contig_21865,1,2293
Hannah_Begonia_baits-ACmerged_contig_21869,1,1147
Hannah_Begonia_baits-ACmerged_contig_2188,1,1679
Hannah_Begonia_baits-ACmerged_contig_2189,1,2224
Hannah_Begonia_baits-ACmerged_contig_2195,1,3853
Hannah_Begonia_baits-ACmerged_contig_2200,1,3388
Hannah_Begonia_baits-ACmerged_contig_22012,1,1189
Hannah_Begonia_baits-ACmerged_contig_22044,1,1285
Hannah_Begonia_baits-ACmerged_contig_22047,1,986
Hannah_Begonia_baits-ACmerged_contig_22078,1,1021
Hannah_Begonia_baits-ACmerged_contig_22112,1,1481
Hannah_Begonia_baits-ACmerged_contig_22127,1,360
Hannah_Begonia_baits-ACmerged_contig_2215,1,385
Hannah_Begonia_baits-ACmerged_contig_22152,1,291
Hannah_Begonia_baits-ACmerged_contig_2229,1,2047
Hannah_Begonia_baits-ACmerged_contig_22294,1,2727
Hannah_Begonia_baits-ACmerged_contig_223,1,1952
Hannah_Begonia_baits-ACmerged_contig_22306,1,2743
Hannah_Begonia_baits-ACmerged_contig_22354,1,745
Hannah_Begonia_baits-ACmerged_contig_22376,1,453
Hannah_Begonia_baits-ACmerged_contig_22383,1,1557
Hannah_Begonia_baits-ACmerged_contig_22419,1,1238
Hannah_Begonia_baits-ACmerged_contig_22445,1,1203
Hannah_Begonia_baits-ACmerged_contig_2245,1,1912
Hannah_Begonia_baits-ACmerged_contig_22452,1,2221
Hannah_Begonia_baits-ACmerged_contig_22457,1,1778
Hannah_Begonia_baits-ACmerged_contig_2248,1,4667
Hannah_Begonia_baits-ACmerged_contig_22491,1,1750
Hannah_Begonia_baits-ACmerged_contig_22508,1,320
Hannah_Begonia_baits-ACmerged_contig_22520,1,1306
Hannah_Begonia_baits-ACmerged_contig_22542,1,1109
Hannah_Begonia_baits-ACmerged_contig_22548,1,1330
Hannah_Begonia_baits-ACmerged_contig_22591,1,1322
Hannah_Begonia_baits-ACmerged_contig_2265,1,3686
Hannah_Begonia_baits-ACmerged_contig_2270,1,2046
Hannah_Begonia_baits-ACmerged_contig_2274,1,1121
Hannah_Begonia_baits-ACmerged_contig_22751,1,1552
Hannah_Begonia_baits-ACmerged_contig_228,1,1578
Hannah_Begonia_baits-ACmerged_contig_22919,1,1196
Hannah_Begonia_baits-ACmerged_contig_23025,1,400
Hannah_Begonia_baits-ACmerged_contig_23028,1,1016
Hannah_Begonia_baits-ACmerged_contig_23036,1,1696
Hannah_Begonia_baits-ACmerged_contig_23062,1,695
Hannah_Begonia_baits-ACmerged_contig_2307,1,1846
Hannah_Begonia_baits-ACmerged_contig_23115,1,1262
Hannah_Begonia_baits-ACmerged_contig_23146,1,1548
Hannah_Begonia_baits-ACmerged_contig_23183,1,1850
Hannah_Begonia_baits-ACmerged_contig_232,1,1265
Hannah_Begonia_baits-ACmerged_contig_23225,1,757
Hannah_Begonia_baits-ACmerged_contig_23252,1,626
Hannah_Begonia_baits-ACmerged_contig_23280,1,1497
Hannah_Begonia_baits-ACmerged_contig_23289,1,1893
Hannah_Begonia_baits-ACmerged_contig_23311,1,391
Hannah_Begonia_baits-ACmerged_contig_23356,1,1323
Hannah_Begonia_baits-ACmerged_contig_23394,1,467
Hannah_Begonia_baits-ACmerged_contig_23426,1,1731
Hannah_Begonia_baits-ACmerged_contig_23439,1,1285
Hannah_Begonia_baits-ACmerged_contig_23462,1,749
Hannah_Begonia_baits-ACmerged_contig_235,1,2290
Hannah_Begonia_baits-ACmerged_contig_23642,1,1115
Hannah_Begonia_baits-ACmerged_contig_23646,1,597
Hannah_Begonia_baits-ACmerged_contig_23720,1,1979
Hannah_Begonia_baits-ACmerged_contig_23732,1,510
Hannah_Begonia_baits-ACmerged_contig_23790,1,676
Hannah_Begonia_baits-ACmerged_contig_23791,1,298
Hannah_Begonia_baits-ACmerged_contig_2391,1,950
Hannah_Begonia_baits-ACmerged_contig_23915,1,430
Hannah_Begonia_baits-ACmerged_contig_2392,1,829
Hannah_Begonia_baits-ACmerged_contig_2394,1,578
Hannah_Begonia_baits-ACmerged_contig_23944,1,2535
Hannah_Begonia_baits-ACmerged_contig_2396,1,2156
Hannah_Begonia_baits-ACmerged_contig_2397,1,2752
Hannah_Begonia_baits-ACmerged_contig_23983,1,1281
Hannah_Begonia_baits-ACmerged_contig_2402,1,628
Hannah_Begonia_baits-ACmerged_contig_24068,1,892
Hannah_Begonia_baits-ACmerged_contig_24080,1,1390
Hannah_Begonia_baits-ACmerged_contig_24088,1,400
Hannah_Begonia_baits-ACmerged_contig_24101,1,301
Hannah_Begonia_baits-ACmerged_contig_2412,1,2649
Hannah_Begonia_baits-ACmerged_contig_24159,1,481
Hannah_Begonia_baits-ACmerged_contig_24167,1,629
Hannah_Begonia_baits-ACmerged_contig_24189,1,1797
Hannah_Begonia_baits-ACmerged_contig_242,1,2199
Hannah_Begonia_baits-ACmerged_contig_24200,1,327
Hannah_Begonia_baits-ACmerged_contig_24202,1,1053
Hannah_Begonia_baits-ACmerged_contig_24224,1,2191
Hannah_Begonia_baits-ACmerged_contig_24270,1,288
Hannah_Begonia_baits-ACmerged_contig_24274,1,578
Hannah_Begonia_baits-ACmerged_contig_24288,1,1694
Hannah_Begonia_baits-ACmerged_contig_2432,1,1743
Hannah_Begonia_baits-ACmerged_contig_24382,1,766
Hannah_Begonia_baits-ACmerged_contig_24386,1,947
Hannah_Begonia_baits-ACmerged_contig_2451,1,1658
Hannah_Begonia_baits-ACmerged_contig_24511,1,921
Hannah_Begonia_baits-ACmerged_contig_24516,1,867
Hannah_Begonia_baits-ACmerged_contig_24545,1,1682
Hannah_Begonia_baits-ACmerged_contig_24584,1,994
Hannah_Begonia_baits-ACmerged_contig_24586,1,1369
Hannah_Begonia_baits-ACmerged_contig_2465,1,1959
Hannah_Begonia_baits-ACmerged_contig_24653,1,576
Hannah_Begonia_baits-ACmerged_contig_24664,1,860
Hannah_Begonia_baits-ACmerged_contig_24666,1,734
Hannah_Begonia_baits-ACmerged_contig_2469,1,3282
Hannah_Begonia_baits-ACmerged_contig_24695,1,1535
Hannah_Begonia_baits-ACmerged_contig_24714,1,1328
Hannah_Begonia_baits-ACmerged_contig_24719,1,3487
Hannah_Begonia_baits-ACmerged_contig_24789,1,1282
Hannah_Begonia_baits-ACmerged_contig_2485,1,544
Hannah_Begonia_baits-ACmerged_contig_24938,1,1337
Hannah_Begonia_baits-ACmerged_contig_24957,1,1274
Hannah_Begonia_baits-ACmerged_contig_24983,1,767
Hannah_Begonia_baits-ACmerged_contig_24993,1,1188
Hannah_Begonia_baits-ACmerged_contig_25000,1,2589
Hannah_Begonia_baits-ACmerged_contig_25003,1,576
Hannah_Begonia_baits-ACmerged_contig_25143,1,821
Hannah_Begonia_baits-ACmerged_contig_2518,1,3053
Hannah_Begonia_baits-ACmerged_contig_25242,1,1214
Hannah_Begonia_baits-ACmerged_contig_2527,1,2072
Hannah_Begonia_baits-ACmerged_contig_25274,1,1553
Hannah_Begonia_baits-ACmerged_contig_2528,1,3487
Hannah_Begonia_baits-ACmerged_contig_25373,1,621
Hannah_Begonia_baits-ACmerged_contig_25380,1,968
Hannah_Begonia_baits-ACmerged_contig_2539,1,1255
Hannah_Begonia_baits-ACmerged_contig_2541,1,750
Hannah_Begonia_baits-ACmerged_contig_2553,1,2546
Hannah_Begonia_baits-ACmerged_contig_256,1,961
Hannah_Begonia_baits-ACmerged_contig_25603,1,289
Hannah_Begonia_baits-ACmerged_contig_25627,1,2096
Hannah_Begonia_baits-ACmerged_contig_2564,1,1402
Hannah_Begonia_baits-ACmerged_contig_25737,1,481
Hannah_Begonia_baits-ACmerged_contig_25813,1,1033
Hannah_Begonia_baits-ACmerged_contig_25893,1,1840
Hannah_Begonia_baits-ACmerged_contig_25905,1,1881
Hannah_Begonia_baits-ACmerged_contig_25942,1,749
Hannah_Begonia_baits-ACmerged_contig_2596,1,618
Hannah_Begonia_baits-ACmerged_contig_25960,1,651
Hannah_Begonia_baits-ACmerged_contig_25968,1,526
Hannah_Begonia_baits-ACmerged_contig_26200,1,979
Hannah_Begonia_baits-ACmerged_contig_26333,1,1547
Hannah_Begonia_baits-ACmerged_contig_26359,1,1068
Hannah_Begonia_baits-ACmerged_contig_26497,1,2000
Hannah_Begonia_baits-ACmerged_contig_26504,1,854
Hannah_Begonia_baits-ACmerged_contig_26511,1,979
Hannah_Begonia_baits-ACmerged_contig_26519,1,825
Hannah_Begonia_baits-ACmerged_contig_26526,1,643
Hannah_Begonia_baits-ACmerged_contig_26556,1,1213
Hannah_Begonia_baits-ACmerged_contig_26588,1,503
Hannah_Begonia_baits-ACmerged_contig_2661,1,2301
Hannah_Begonia_baits-ACmerged_contig_26627,1,1048
Hannah_Begonia_baits-ACmerged_contig_26722,1,1113
Hannah_Begonia_baits-ACmerged_contig_26786,1,695
Hannah_Begonia_baits-ACmerged_contig_26794,1,1477
Hannah_Begonia_baits-ACmerged_contig_26843,1,1810
Hannah_Begonia_baits-ACmerged_contig_2692,1,1609
Hannah_Begonia_baits-ACmerged_contig_2698,1,1671
Hannah_Begonia_baits-ACmerged_contig_27026,1,393
Hannah_Begonia_baits-ACmerged_contig_27054,1,1403
Hannah_Begonia_baits-ACmerged_contig_2708,1,1060
Hannah_Begonia_baits-ACmerged_contig_27114,1,1289
Hannah_Begonia_baits-ACmerged_contig_27242,1,1253
Hannah_Begonia_baits-ACmerged_contig_27261,1,365
Hannah_Begonia_baits-ACmerged_contig_27264,1,1989
Hannah_Begonia_baits-ACmerged_contig_2728,1,485
Hannah_Begonia_baits-ACmerged_contig_27520,1,1982
Hannah_Begonia_baits-ACmerged_contig_2754,1,1062
Hannah_Begonia_baits-ACmerged_contig_27601,1,1659
Hannah_Begonia_baits-ACmerged_contig_27670,1,1200
Hannah_Begonia_baits-ACmerged_contig_27684,1,630
Hannah_Begonia_baits-ACmerged_contig_27695,1,1045
Hannah_Begonia_baits-ACmerged_contig_27719,1,1130
Hannah_Begonia_baits-ACmerged_contig_2772,1,2994
Hannah_Begonia_baits-ACmerged_contig_27741,1,820
Hannah_Begonia_baits-ACmerged_contig_27782,1,1078
Hannah_Begonia_baits-ACmerged_contig_27789,1,1624
Hannah_Begonia_baits-ACmerged_contig_2779,1,2678
Hannah_Begonia_baits-ACmerged_contig_27793,1,1356
Hannah_Begonia_baits-ACmerged_contig_27845,1,727
Hannah_Begonia_baits-ACmerged_contig_2785,1,2312
Hannah_Begonia_baits-ACmerged_contig_27939,1,732
Hannah_Begonia_baits-ACmerged_contig_27959,1,1746
Hannah_Begonia_baits-ACmerged_contig_28014,1,1831
Hannah_Begonia_baits-ACmerged_contig_2818,1,1774
Hannah_Begonia_baits-ACmerged_contig_2819,1,5254
Hannah_Begonia_baits-ACmerged_contig_28224,1,1268
Hannah_Begonia_baits-ACmerged_contig_28323,1,1989
Hannah_Begonia_baits-ACmerged_contig_2847,1,857
Hannah_Begonia_baits-ACmerged_contig_28476,1,1464
Hannah_Begonia_baits-ACmerged_contig_28517,1,1187
Hannah_Begonia_baits-ACmerged_contig_2857,1,1646
Hannah_Begonia_baits-ACmerged_contig_2858,1,1286
Hannah_Begonia_baits-ACmerged_contig_28611,1,1915
Hannah_Begonia_baits-ACmerged_contig_28789,1,2329
Hannah_Begonia_baits-ACmerged_contig_2882,1,1303
Hannah_Begonia_baits-ACmerged_contig_28849,1,1020
Hannah_Begonia_baits-ACmerged_contig_2887,1,636
Hannah_Begonia_baits-ACmerged_contig_28889,1,699
Hannah_Begonia_baits-ACmerged_contig_28895,1,397
Hannah_Begonia_baits-ACmerged_contig_28940,1,1217
Hannah_Begonia_baits-ACmerged_contig_28945,1,1441
Hannah_Begonia_baits-ACmerged_contig_28951,1,2460
Hannah_Begonia_baits-ACmerged_contig_2900,1,1439
Hannah_Begonia_baits-ACmerged_contig_29026,1,1238
Hannah_Begonia_baits-ACmerged_contig_2903,1,1461
Hannah_Begonia_baits-ACmerged_contig_29220,1,1060
Hannah_Begonia_baits-ACmerged_contig_29261,1,395
Hannah_Begonia_baits-ACmerged_contig_2927,1,1163
Hannah_Begonia_baits-ACmerged_contig_29301,1,559
Hannah_Begonia_baits-ACmerged_contig_2935,1,1543
Hannah_Begonia_baits-ACmerged_contig_29383,1,1869
Hannah_Begonia_baits-ACmerged_contig_29392,1,587
Hannah_Begonia_baits-ACmerged_contig_29412,1,959
Hannah_Begonia_baits-ACmerged_contig_29421,1,1342
Hannah_Begonia_baits-ACmerged_contig_29483,1,732
Hannah_Begonia_baits-ACmerged_contig_2949,1,1728
Hannah_Begonia_baits-ACmerged_contig_29561,1,753
Hannah_Begonia_baits-ACmerged_contig_29568,1,1586
Hannah_Begonia_baits-ACmerged_contig_2965,1,5209
Hannah_Begonia_baits-ACmerged_contig_29661,1,602
Hannah_Begonia_baits-ACmerged_contig_29744,1,1743
Hannah_Begonia_baits-ACmerged_contig_29745,1,854
Hannah_Begonia_baits-ACmerged_contig_29855,1,897
Hannah_Begonia_baits-ACmerged_contig_2998,1,718
Hannah_Begonia_baits-ACmerged_contig_3000,1,2286
Hannah_Begonia_baits-ACmerged_contig_30018,1,1005
Hannah_Begonia_baits-ACmerged_contig_3003,1,1891
Hannah_Begonia_baits-ACmerged_contig_30039,1,1778
Hannah_Begonia_baits-ACmerged_contig_30187,1,538
Hannah_Begonia_baits-ACmerged_contig_30332,1,945
Hannah_Begonia_baits-ACmerged_contig_30378,1,992
Hannah_Begonia_baits-ACmerged_contig_30444,1,1020
Hannah_Begonia_baits-ACmerged_contig_30528,1,442
Hannah_Begonia_baits-ACmerged_contig_3085,1,450
Hannah_Begonia_baits-ACmerged_contig_3086,1,2915
Hannah_Begonia_baits-ACmerged_contig_30873,1,1255
Hannah_Begonia_baits-ACmerged_contig_3094,1,3693
Hannah_Begonia_baits-ACmerged_contig_31086,1,472
Hannah_Begonia_baits-ACmerged_contig_31087,1,1177
Hannah_Begonia_baits-ACmerged_contig_31258,1,788
Hannah_Begonia_baits-ACmerged_contig_31289,1,1338
Hannah_Begonia_baits-ACmerged_contig_31324,1,623
Hannah_Begonia_baits-ACmerged_contig_31427,1,1225
Hannah_Begonia_baits-ACmerged_contig_3175,1,1675
Hannah_Begonia_baits-ACmerged_contig_3176,1,3544
Hannah_Begonia_baits-ACmerged_contig_31762,1,2160
Hannah_Begonia_baits-ACmerged_contig_31829,1,785
Hannah_Begonia_baits-ACmerged_contig_3185,1,4648
Hannah_Begonia_baits-ACmerged_contig_3195,1,2259
Hannah_Begonia_baits-ACmerged_contig_3199,1,2476
Hannah_Begonia_baits-ACmerged_contig_32010,1,575
Hannah_Begonia_baits-ACmerged_contig_32070,1,601
Hannah_Begonia_baits-ACmerged_contig_32267,1,970
Hannah_Begonia_baits-ACmerged_contig_32300,1,623
Hannah_Begonia_baits-ACmerged_contig_32356,1,897
Hannah_Begonia_baits-ACmerged_contig_32457,1,601
Hannah_Begonia_baits-ACmerged_contig_32743,1,843
Hannah_Begonia_baits-ACmerged_contig_3299,1,1137
Hannah_Begonia_baits-ACmerged_contig_33009,1,952
Hannah_Begonia_baits-ACmerged_contig_3305,1,2933
Hannah_Begonia_baits-ACmerged_contig_33065,1,985
Hannah_Begonia_baits-ACmerged_contig_33084,1,570
Hannah_Begonia_baits-ACmerged_contig_33164,1,1454
Hannah_Begonia_baits-ACmerged_contig_3321,1,453
Hannah_Begonia_baits-ACmerged_contig_3345,1,4104
Hannah_Begonia_baits-ACmerged_contig_33508,1,965
Hannah_Begonia_baits-ACmerged_contig_3363,1,1048
Hannah_Begonia_baits-ACmerged_contig_33683,1,852
Hannah_Begonia_baits-ACmerged_contig_33758,1,767
Hannah_Begonia_baits-ACmerged_contig_3376,1,1712
Hannah_Begonia_baits-ACmerged_contig_3388,1,3656
Hannah_Begonia_baits-ACmerged_contig_3394,1,1279
Hannah_Begonia_baits-ACmerged_contig_33979,1,405
Hannah_Begonia_baits-ACmerged_contig_33982,1,648
Hannah_Begonia_baits-ACmerged_contig_3402,1,2240
Hannah_Begonia_baits-ACmerged_contig_34094,1,425
Hannah_Begonia_baits-ACmerged_contig_3410,1,2574
Hannah_Begonia_baits-ACmerged_contig_34108,1,908
Hannah_Begonia_baits-ACmerged_contig_34145,1,358
Hannah_Begonia_baits-ACmerged_contig_34214,1,1645
Hannah_Begonia_baits-ACmerged_contig_34224,1,325
Hannah_Begonia_baits-ACmerged_contig_34320,1,713
Hannah_Begonia_baits-ACmerged_contig_3437,1,760
Hannah_Begonia_baits-ACmerged_contig_3448,1,1273
Hannah_Begonia_baits-ACmerged_contig_34495,1,505
Hannah_Begonia_baits-ACmerged_contig_3450,1,3243
Hannah_Begonia_baits-ACmerged_contig_34613,1,1141
Hannah_Begonia_baits-ACmerged_contig_34848,1,841
Hannah_Begonia_baits-ACmerged_contig_3487,1,804
Hannah_Begonia_baits-ACmerged_contig_3494,1,2233
Hannah_Begonia_baits-ACmerged_contig_3495,1,1640
Hannah_Begonia_baits-ACmerged_contig_3545,1,881
Hannah_Begonia_baits-ACmerged_contig_3549,1,6178
Hannah_Begonia_baits-ACmerged_contig_3563,1,978
Hannah_Begonia_baits-ACmerged_contig_3573,1,1817
Hannah_Begonia_baits-ACmerged_contig_35754,1,785
Hannah_Begonia_baits-ACmerged_contig_35793,1,273
Hannah_Begonia_baits-ACmerged_contig_35824,1,286
Hannah_Begonia_baits-ACmerged_contig_35825,1,645
Hannah_Begonia_baits-ACmerged_contig_3597,1,450
Hannah_Begonia_baits-ACmerged_contig_36083,1,403
Hannah_Begonia_baits-ACmerged_contig_3624,1,712
Hannah_Begonia_baits-ACmerged_contig_36262,1,531
Hannah_Begonia_baits-ACmerged_contig_3642,1,1094
Hannah_Begonia_baits-ACmerged_contig_36539,1,534
Hannah_Begonia_baits-ACmerged_contig_36606,1,708
Hannah_Begonia_baits-ACmerged_contig_36746,1,481
Hannah_Begonia_baits-ACmerged_contig_3705,1,2851
Hannah_Begonia_baits-ACmerged_contig_3713,1,2273
Hannah_Begonia_baits-ACmerged_contig_3727,1,1021
Hannah_Begonia_baits-ACmerged_contig_37360,1,544
Hannah_Begonia_baits-ACmerged_contig_37370,1,647
Hannah_Begonia_baits-ACmerged_contig_3744,1,1357
Hannah_Begonia_baits-ACmerged_contig_37473,1,290
Hannah_Begonia_baits-ACmerged_contig_37627,1,741
Hannah_Begonia_baits-ACmerged_contig_37654,1,615
Hannah_Begonia_baits-ACmerged_contig_37686,1,469
Hannah_Begonia_baits-ACmerged_contig_37700,1,730
Hannah_Begonia_baits-ACmerged_contig_37746,1,338
Hannah_Begonia_baits-ACmerged_contig_3796,1,367
Hannah_Begonia_baits-ACmerged_contig_37976,1,662
Hannah_Begonia_baits-ACmerged_contig_380,1,748
Hannah_Begonia_baits-ACmerged_contig_38091,1,576
Hannah_Begonia_baits-ACmerged_contig_38144,1,664
Hannah_Begonia_baits-ACmerged_contig_3830,1,928
Hannah_Begonia_baits-ACmerged_contig_38449,1,655
Hannah_Begonia_baits-ACmerged_contig_38510,1,570
Hannah_Begonia_baits-ACmerged_contig_38580,1,423
Hannah_Begonia_baits-ACmerged_contig_3866,1,2453
Hannah_Begonia_baits-ACmerged_contig_3869,1,712
Hannah_Begonia_baits-ACmerged_contig_3888,1,2450
Hannah_Begonia_baits-ACmerged_contig_38941,1,1388
Hannah_Begonia_baits-ACmerged_contig_39236,1,268
Hannah_Begonia_baits-ACmerged_contig_39300,1,572
Hannah_Begonia_baits-ACmerged_contig_3931,1,964
Hannah_Begonia_baits-ACmerged_contig_3934,1,585
Hannah_Begonia_baits-ACmerged_contig_39448,1,358
Hannah_Begonia_baits-ACmerged_contig_39749,1,305
Hannah_Begonia_baits-ACmerged_contig_40128,1,311
Hannah_Begonia_baits-ACmerged_contig_4019,1,1523
Hannah_Begonia_baits-ACmerged_contig_4025,1,4081
Hannah_Begonia_baits-ACmerged_contig_4046,1,244
Hannah_Begonia_baits-ACmerged_contig_4084,1,2583
Hannah_Begonia_baits-ACmerged_contig_4094,1,5613
Hannah_Begonia_baits-ACmerged_contig_4132,1,342
Hannah_Begonia_baits-ACmerged_contig_4139,1,1748
Hannah_Begonia_baits-ACmerged_contig_4140,1,682
Hannah_Begonia_baits-ACmerged_contig_4141,1,360
Hannah_Begonia_baits-ACmerged_contig_4183,1,2408
Hannah_Begonia_baits-ACmerged_contig_4206,1,1130
Hannah_Begonia_baits-ACmerged_contig_4209,1,1720
Hannah_Begonia_baits-ACmerged_contig_4253,1,1485
Hannah_Begonia_baits-ACmerged_contig_4264,1,2473
Hannah_Begonia_baits-ACmerged_contig_4281,1,1331
Hannah_Begonia_baits-ACmerged_contig_4285,1,2576
Hannah_Begonia_baits-ACmerged_contig_4298,1,463
Hannah_Begonia_baits-ACmerged_contig_4310,1,1570
Hannah_Begonia_baits-ACmerged_contig_4341,1,1102
Hannah_Begonia_baits-ACmerged_contig_4352,1,2440
Hannah_Begonia_baits-ACmerged_contig_4353,1,569
Hannah_Begonia_baits-ACmerged_contig_4373,1,1968
Hannah_Begonia_baits-ACmerged_contig_4388,1,1992
Hannah_Begonia_baits-ACmerged_contig_4392,1,1162
Hannah_Begonia_baits-ACmerged_contig_4399,1,6350
Hannah_Begonia_baits-ACmerged_contig_4406,1,1934
Hannah_Begonia_baits-ACmerged_contig_4434,1,1058
Hannah_Begonia_baits-ACmerged_contig_4440,1,882
Hannah_Begonia_baits-ACmerged_contig_4444,1,2621
Hannah_Begonia_baits-ACmerged_contig_4446,1,1350
Hannah_Begonia_baits-ACmerged_contig_4467,1,2106
Hannah_Begonia_baits-ACmerged_contig_4481,1,2626
Hannah_Begonia_baits-ACmerged_contig_4489,1,2076
Hannah_Begonia_baits-ACmerged_contig_4512,1,1615
Hannah_Begonia_baits-ACmerged_contig_4536,1,1552
Hannah_Begonia_baits-ACmerged_contig_4553,1,1176
Hannah_Begonia_baits-ACmerged_contig_4555,1,1021
Hannah_Begonia_baits-ACmerged_contig_4557,1,4174
Hannah_Begonia_baits-ACmerged_contig_4562,1,5760
Hannah_Begonia_baits-ACmerged_contig_4587,1,1218
Hannah_Begonia_baits-ACmerged_contig_4650,1,3017
Hannah_Begonia_baits-ACmerged_contig_4676,1,780
Hannah_Begonia_baits-ACmerged_contig_4703,1,730
Hannah_Begonia_baits-ACmerged_contig_4711,1,719
Hannah_Begonia_baits-ACmerged_contig_4713,1,3437
Hannah_Begonia_baits-ACmerged_contig_4734,1,1230
Hannah_Begonia_baits-ACmerged_contig_4735,1,1544
Hannah_Begonia_baits-ACmerged_contig_4742,1,1589
Hannah_Begonia_baits-ACmerged_contig_4772,1,338
Hannah_Begonia_baits-ACmerged_contig_4806,1,1553
Hannah_Begonia_baits-ACmerged_contig_4808,1,1287
Hannah_Begonia_baits-ACmerged_contig_4836,1,1109
Hannah_Begonia_baits-ACmerged_contig_4861,1,542
Hannah_Begonia_baits-ACmerged_contig_4863,1,3327
Hannah_Begonia_baits-ACmerged_contig_4869,1,1340
Hannah_Begonia_baits-ACmerged_contig_4915,1,3236
Hannah_Begonia_baits-ACmerged_contig_4916,1,2601
Hannah_Begonia_baits-ACmerged_contig_4945,1,3441
Hannah_Begonia_baits-ACmerged_contig_4952,1,1618
Hannah_Begonia_baits-ACmerged_contig_4959,1,2117
Hannah_Begonia_baits-ACmerged_contig_4972,1,4449
Hannah_Begonia_baits-ACmerged_contig_4976,1,1232
Hannah_Begonia_baits-ACmerged_contig_4988,1,2804
Hannah_Begonia_baits-ACmerged_contig_4991,1,1868
Hannah_Begonia_baits-ACmerged_contig_5002,1,1459
Hannah_Begonia_baits-ACmerged_contig_5038,1,731
Hannah_Begonia_baits-ACmerged_contig_5043,1,461
Hannah_Begonia_baits-ACmerged_contig_5058,1,1645
Hannah_Begonia_baits-ACmerged_contig_5068,1,987
Hannah_Begonia_baits-ACmerged_contig_5089,1,1297
Hannah_Begonia_baits-ACmerged_contig_5092,1,895
Hannah_Begonia_baits-ACmerged_contig_5093,1,938
Hannah_Begonia_baits-ACmerged_contig_517,1,2250
Hannah_Begonia_baits-ACmerged_contig_5171,1,483
Hannah_Begonia_baits-ACmerged_contig_5178,1,908
Hannah_Begonia_baits-ACmerged_contig_5189,1,3066
Hannah_Begonia_baits-ACmerged_contig_5190,1,1873
Hannah_Begonia_baits-ACmerged_contig_52,1,1040
Hannah_Begonia_baits-ACmerged_contig_5200,1,2038
Hannah_Begonia_baits-ACmerged_contig_5205,1,2222
Hannah_Begonia_baits-ACmerged_contig_5207,1,2255
Hannah_Begonia_baits-ACmerged_contig_5217,1,501
Hannah_Begonia_baits-ACmerged_contig_5223,1,4595
Hannah_Begonia_baits-ACmerged_contig_5266,1,2796
Hannah_Begonia_baits-ACmerged_contig_5276,1,1770
Hannah_Begonia_baits-ACmerged_contig_5280,1,3221
Hannah_Begonia_baits-ACmerged_contig_5290,1,681
Hannah_Begonia_baits-ACmerged_contig_5322,1,1445
Hannah_Begonia_baits-ACmerged_contig_5350,1,2360
Hannah_Begonia_baits-ACmerged_contig_5363,1,903
Hannah_Begonia_baits-ACmerged_contig_5366,1,2763
Hannah_Begonia_baits-ACmerged_contig_5406,1,1534
Hannah_Begonia_baits-ACmerged_contig_5409,1,1831
Hannah_Begonia_baits-ACmerged_contig_5418,1,933
Hannah_Begonia_baits-ACmerged_contig_5424,1,1363
Hannah_Begonia_baits-ACmerged_contig_5427,1,2716
Hannah_Begonia_baits-ACmerged_contig_544,1,937
Hannah_Begonia_baits-ACmerged_contig_5451,1,1313
Hannah_Begonia_baits-ACmerged_contig_5459,1,1717
Hannah_Begonia_baits-ACmerged_contig_5460,1,1304
Hannah_Begonia_baits-ACmerged_contig_5468,1,2019
Hannah_Begonia_baits-ACmerged_contig_5476,1,1418
Hannah_Begonia_baits-ACmerged_contig_5491,1,2580
Hannah_Begonia_baits-ACmerged_contig_5508,1,4734
Hannah_Begonia_baits-ACmerged_contig_5529,1,1566
Hannah_Begonia_baits-ACmerged_contig_5542,1,718
Hannah_Begonia_baits-ACmerged_contig_5558,1,1108
Hannah_Begonia_baits-ACmerged_contig_5562,1,556
Hannah_Begonia_baits-ACmerged_contig_5577,1,1430
Hannah_Begonia_baits-ACmerged_contig_5578,1,2845
Hannah_Begonia_baits-ACmerged_contig_5631,1,744
Hannah_Begonia_baits-ACmerged_contig_5665,1,723
Hannah_Begonia_baits-ACmerged_contig_5729,1,1910
Hannah_Begonia_baits-ACmerged_contig_573,1,408
Hannah_Begonia_baits-ACmerged_contig_5732,1,603
Hannah_Begonia_baits-ACmerged_contig_5765,1,1958
Hannah_Begonia_baits-ACmerged_contig_5780,1,3992
Hannah_Begonia_baits-ACmerged_contig_5789,1,1486
Hannah_Begonia_baits-ACmerged_contig_5807,1,1718
Hannah_Begonia_baits-ACmerged_contig_582,1,1156
Hannah_Begonia_baits-ACmerged_contig_5830,1,583
Hannah_Begonia_baits-ACmerged_contig_5875,1,3582
Hannah_Begonia_baits-ACmerged_contig_5883,1,2978
Hannah_Begonia_baits-ACmerged_contig_5907,1,946
Hannah_Begonia_baits-ACmerged_contig_5931,1,1645
Hannah_Begonia_baits-ACmerged_contig_5946,1,1720
Hannah_Begonia_baits-ACmerged_contig_5948,1,2118
Hannah_Begonia_baits-ACmerged_contig_5984,1,1212
Hannah_Begonia_baits-ACmerged_contig_6002,1,5748
Hannah_Begonia_baits-ACmerged_contig_6044,1,1859
Hannah_Begonia_baits-ACmerged_contig_6098,1,1743
Hannah_Begonia_baits-ACmerged_contig_6107,1,1355
Hannah_Begonia_baits-ACmerged_contig_6115,1,1238
Hannah_Begonia_baits-ACmerged_contig_6123,1,5088
Hannah_Begonia_baits-ACmerged_contig_6127,1,3588
Hannah_Begonia_baits-ACmerged_contig_6134,1,332
Hannah_Begonia_baits-ACmerged_contig_6146,1,795
Hannah_Begonia_baits-ACmerged_contig_6191,1,321
Hannah_Begonia_baits-ACmerged_contig_6203,1,328
Hannah_Begonia_baits-ACmerged_contig_6243,1,2099
Hannah_Begonia_baits-ACmerged_contig_6257,1,1630
Hannah_Begonia_baits-ACmerged_contig_6272,1,4173
Hannah_Begonia_baits-ACmerged_contig_6328,1,1273
Hannah_Begonia_baits-ACmerged_contig_6330,1,1961
Hannah_Begonia_baits-ACmerged_contig_6351,1,1629
Hannah_Begonia_baits-ACmerged_contig_6354,1,1794
Hannah_Begonia_baits-ACmerged_contig_6356,1,3404
Hannah_Begonia_baits-ACmerged_contig_6367,1,1884
Hannah_Begonia_baits-ACmerged_contig_6376,1,1823
Hannah_Begonia_baits-ACmerged_contig_639,1,997
Hannah_Begonia_baits-ACmerged_contig_6423,1,2054
Hannah_Begonia_baits-ACmerged_contig_6425,1,2364
Hannah_Begonia_baits-ACmerged_contig_6438,1,2364
Hannah_Begonia_baits-ACmerged_contig_6479,1,1200
Hannah_Begonia_baits-ACmerged_contig_649,1,371
Hannah_Begonia_baits-ACmerged_contig_6504,1,735
Hannah_Begonia_baits-ACmerged_contig_6508,1,1168
Hannah_Begonia_baits-ACmerged_contig_6509,1,1920
Hannah_Begonia_baits-ACmerged_contig_6521,1,1996
Hannah_Begonia_baits-ACmerged_contig_6550,1,1216
Hannah_Begonia_baits-ACmerged_contig_6579,1,779
Hannah_Begonia_baits-ACmerged_contig_6582,1,1518
Hannah_Begonia_baits-ACmerged_contig_66,1,2875
Hannah_Begonia_baits-ACmerged_contig_6601,1,1059
Hannah_Begonia_baits-ACmerged_contig_6602,1,692
Hannah_Begonia_baits-ACmerged_contig_6618,1,1019
Hannah_Begonia_baits-ACmerged_contig_6638,1,1965
Hannah_Begonia_baits-ACmerged_contig_6646,1,1582
Hannah_Begonia_baits-ACmerged_contig_6650,1,1051
Hannah_Begonia_baits-ACmerged_contig_6652,1,2024
Hannah_Begonia_baits-ACmerged_contig_6660,1,2038
Hannah_Begonia_baits-ACmerged_contig_6664,1,1082
Hannah_Begonia_baits-ACmerged_contig_6671,1,1502
Hannah_Begonia_baits-ACmerged_contig_6673,1,2079
Hannah_Begonia_baits-ACmerged_contig_6729,1,2528
Hannah_Begonia_baits-ACmerged_contig_6744,1,1606
Hannah_Begonia_baits-ACmerged_contig_6745,1,3488
Hannah_Begonia_baits-ACmerged_contig_6750,1,3196
Hannah_Begonia_baits-ACmerged_contig_6754,1,1446
Hannah_Begonia_baits-ACmerged_contig_6767,1,1503
Hannah_Begonia_baits-ACmerged_contig_6802,1,1358
Hannah_Begonia_baits-ACmerged_contig_6826,1,689
Hannah_Begonia_baits-ACmerged_contig_6836,1,1178
Hannah_Begonia_baits-ACmerged_contig_694,1,1637
Hannah_Begonia_baits-ACmerged_contig_6956,1,5187
Hannah_Begonia_baits-ACmerged_contig_6969,1,1411
Hannah_Begonia_baits-ACmerged_contig_7097,1,816
Hannah_Begonia_baits-ACmerged_contig_7118,1,704
Hannah_Begonia_baits-ACmerged_contig_7167,1,1061
Hannah_Begonia_baits-ACmerged_contig_7220,1,3718
Hannah_Begonia_baits-ACmerged_contig_7251,1,1485
Hannah_Begonia_baits-ACmerged_contig_7266,1,3511
Hannah_Begonia_baits-ACmerged_contig_7280,1,2786
Hannah_Begonia_baits-ACmerged_contig_7281,1,597
Hannah_Begonia_baits-ACmerged_contig_7284,1,1670
Hannah_Begonia_baits-ACmerged_contig_7287,1,907
Hannah_Begonia_baits-ACmerged_contig_7305,1,309
Hannah_Begonia_baits-ACmerged_contig_7314,1,3043
Hannah_Begonia_baits-ACmerged_contig_7385,1,681
Hannah_Begonia_baits-ACmerged_contig_739,1,2472
Hannah_Begonia_baits-ACmerged_contig_7407,1,4009
Hannah_Begonia_baits-ACmerged_contig_7408,1,956
Hannah_Begonia_baits-ACmerged_contig_7434,1,2424
Hannah_Begonia_baits-ACmerged_contig_7437,1,743
Hannah_Begonia_baits-ACmerged_contig_7440,1,1777
Hannah_Begonia_baits-ACmerged_contig_7535,1,1082
Hannah_Begonia_baits-ACmerged_contig_7577,1,841
Hannah_Begonia_baits-ACmerged_contig_7595,1,3506
Hannah_Begonia_baits-ACmerged_contig_7596,1,1013
Hannah_Begonia_baits-ACmerged_contig_7616,1,1399
Hannah_Begonia_baits-ACmerged_contig_7628,1,537
Hannah_Begonia_baits-ACmerged_contig_7648,1,673
Hannah_Begonia_baits-ACmerged_contig_7658,1,300
Hannah_Begonia_baits-ACmerged_contig_7700,1,957
Hannah_Begonia_baits-ACmerged_contig_7701,1,1901
Hannah_Begonia_baits-ACmerged_contig_7706,1,1095
Hannah_Begonia_baits-ACmerged_contig_772,1,2735
Hannah_Begonia_baits-ACmerged_contig_7754,1,2378
Hannah_Begonia_baits-ACmerged_contig_7779,1,795
Hannah_Begonia_baits-ACmerged_contig_7783,1,691
Hannah_Begonia_baits-ACmerged_contig_7803,1,1852
Hannah_Begonia_baits-ACmerged_contig_7810,1,1057
Hannah_Begonia_baits-ACmerged_contig_7829,1,2475
Hannah_Begonia_baits-ACmerged_contig_7865,1,2213
Hannah_Begonia_baits-ACmerged_contig_7885,1,1842
Hannah_Begonia_baits-ACmerged_contig_7892,1,610
Hannah_Begonia_baits-ACmerged_contig_7897,1,1466
Hannah_Begonia_baits-ACmerged_contig_7904,1,1709
Hannah_Begonia_baits-ACmerged_contig_7905,1,1315
Hannah_Begonia_baits-ACmerged_contig_7906,1,2335
Hannah_Begonia_baits-ACmerged_contig_7937,1,974
Hannah_Begonia_baits-ACmerged_contig_7942,1,4332
Hannah_Begonia_baits-ACmerged_contig_797,1,1683
Hannah_Begonia_baits-ACmerged_contig_7977,1,620
Hannah_Begonia_baits-ACmerged_contig_7994,1,1355
Hannah_Begonia_baits-ACmerged_contig_8016,1,1345
Hannah_Begonia_baits-ACmerged_contig_8036,1,3112
Hannah_Begonia_baits-ACmerged_contig_8040,1,2194
Hannah_Begonia_baits-ACmerged_contig_8058,1,1857
Hannah_Begonia_baits-ACmerged_contig_806,1,3300
Hannah_Begonia_baits-ACmerged_contig_8083,1,1814
Hannah_Begonia_baits-ACmerged_contig_8104,1,1345
Hannah_Begonia_baits-ACmerged_contig_8113,1,1368
Hannah_Begonia_baits-ACmerged_contig_8160,1,1000
Hannah_Begonia_baits-ACmerged_contig_8185,1,1157
Hannah_Begonia_baits-ACmerged_contig_8192,1,2596
Hannah_Begonia_baits-ACmerged_contig_821,1,2651
Hannah_Begonia_baits-ACmerged_contig_8215,1,1304
Hannah_Begonia_baits-ACmerged_contig_8257,1,2832
Hannah_Begonia_baits-ACmerged_contig_8258,1,1460
Hannah_Begonia_baits-ACmerged_contig_8261,1,4452
Hannah_Begonia_baits-ACmerged_contig_8273,1,2176
Hannah_Begonia_baits-ACmerged_contig_8330,1,847
Hannah_Begonia_baits-ACmerged_contig_8342,1,3073
Hannah_Begonia_baits-ACmerged_contig_8356,1,1931
Hannah_Begonia_baits-ACmerged_contig_8365,1,1421
Hannah_Begonia_baits-ACmerged_contig_8372,1,4304
Hannah_Begonia_baits-ACmerged_contig_8373,1,1900
Hannah_Begonia_baits-ACmerged_contig_8384,1,1108
Hannah_Begonia_baits-ACmerged_contig_8392,1,359
Hannah_Begonia_baits-ACmerged_contig_8435,1,1481
Hannah_Begonia_baits-ACmerged_contig_8441,1,1447
Hannah_Begonia_baits-ACmerged_contig_8451,1,2285
Hannah_Begonia_baits-ACmerged_contig_8468,1,2116
Hannah_Begonia_baits-ACmerged_contig_8477,1,1244
Hannah_Begonia_baits-ACmerged_contig_849,1,2834
Hannah_Begonia_baits-ACmerged_contig_850,1,1190
Hannah_Begonia_baits-ACmerged_contig_8523,1,3682
Hannah_Begonia_baits-ACmerged_contig_8524,1,1996
Hannah_Begonia_baits-ACmerged_contig_8537,1,1686
Hannah_Begonia_baits-ACmerged_contig_8549,1,2227
Hannah_Begonia_baits-ACmerged_contig_8553,1,1650
Hannah_Begonia_baits-ACmerged_contig_8574,1,2282
Hannah_Begonia_baits-ACmerged_contig_86,1,3211
Hannah_Begonia_baits-ACmerged_contig_864,1,5907
Hannah_Begonia_baits-ACmerged_contig_8701,1,2430
Hannah_Begonia_baits-ACmerged_contig_8728,1,1610
Hannah_Begonia_baits-ACmerged_contig_8754,1,3722
Hannah_Begonia_baits-ACmerged_contig_8779,1,3166
Hannah_Begonia_baits-ACmerged_contig_8783,1,333
Hannah_Begonia_baits-ACmerged_contig_8797,1,1311
Hannah_Begonia_baits-ACmerged_contig_8824,1,3620
Hannah_Begonia_baits-ACmerged_contig_885,1,3342
Hannah_Begonia_baits-ACmerged_contig_8940,1,833
Hannah_Begonia_baits-ACmerged_contig_8948,1,1865
Hannah_Begonia_baits-ACmerged_contig_8966,1,536
Hannah_Begonia_baits-ACmerged_contig_897,1,3201
Hannah_Begonia_baits-ACmerged_contig_8977,1,1709
Hannah_Begonia_baits-ACmerged_contig_8978,1,409
Hannah_Begonia_baits-ACmerged_contig_9000,1,579
Hannah_Begonia_baits-ACmerged_contig_9001,1,2291
Hannah_Begonia_baits-ACmerged_contig_9012,1,1746
Hannah_Begonia_baits-ACmerged_contig_9015,1,679
Hannah_Begonia_baits-ACmerged_contig_9019,1,1518
Hannah_Begonia_baits-ACmerged_contig_9049,1,1525
Hannah_Begonia_baits-ACmerged_contig_9083,1,3521
Hannah_Begonia_baits-ACmerged_contig_9093,1,991
Hannah_Begonia_baits-ACmerged_contig_9094,1,3067
Hannah_Begonia_baits-ACmerged_contig_9107,1,2855
Hannah_Begonia_baits-ACmerged_contig_9130,1,1855
Hannah_Begonia_baits-ACmerged_contig_9136,1,2460
Hannah_Begonia_baits-ACmerged_contig_9147,1,656
Hannah_Begonia_baits-ACmerged_contig_9152,1,3522
Hannah_Begonia_baits-ACmerged_contig_9163,1,844
Hannah_Begonia_baits-ACmerged_contig_9222,1,1298
Hannah_Begonia_baits-ACmerged_contig_9248,1,1329
Hannah_Begonia_baits-ACmerged_contig_9249,1,1172
Hannah_Begonia_baits-ACmerged_contig_9256,1,1560
Hannah_Begonia_baits-ACmerged_contig_9257,1,1689
Hannah_Begonia_baits-ACmerged_contig_9289,1,646
Hannah_Begonia_baits-ACmerged_contig_9306,1,1284
Hannah_Begonia_baits-ACmerged_contig_9321,1,619
Hannah_Begonia_baits-ACmerged_contig_9325,1,5074
Hannah_Begonia_baits-ACmerged_contig_936,1,1896
Hannah_Begonia_baits-ACmerged_contig_938,1,1417
Hannah_Begonia_baits-ACmerged_contig_9385,1,674
Hannah_Begonia_baits-ACmerged_contig_9386,1,2277
Hannah_Begonia_baits-ACmerged_contig_9400,1,2375
Hannah_Begonia_baits-ACmerged_contig_9412,1,1261
Hannah_Begonia_baits-ACmerged_contig_9415,1,1471
Hannah_Begonia_baits-ACmerged_contig_9444,1,4114
Hannah_Begonia_baits-ACmerged_contig_9459,1,1152
Hannah_Begonia_baits-ACmerged_contig_9490,1,3957
Hannah_Begonia_baits-ACmerged_contig_9502,1,2384
Hannah_Begonia_baits-ACmerged_contig_9507,1,1881
Hannah_Begonia_baits-ACmerged_contig_9513,1,1028
Hannah_Begonia_baits-ACmerged_contig_9547,1,1729
Hannah_Begonia_baits-ACmerged_contig_9552,1,1681
Hannah_Begonia_baits-ACmerged_contig_9553,1,802
Hannah_Begonia_baits-ACmerged_contig_9559,1,1911
Hannah_Begonia_baits-ACmerged_contig_9564,1,1637
Hannah_Begonia_baits-ACmerged_contig_9578,1,1774
Hannah_Begonia_baits-ACmerged_contig_958,1,1372
Hannah_Begonia_baits-ACmerged_contig_9635,1,2356
Hannah_Begonia_baits-ACmerged_contig_9637,1,1889
Hannah_Begonia_baits-ACmerged_contig_9639,1,2226
Hannah_Begonia_baits-ACmerged_contig_9657,1,2203
Hannah_Begonia_baits-ACmerged_contig_9730,1,685
Hannah_Begonia_baits-ACmerged_contig_9734,1,1626
Hannah_Begonia_baits-ACmerged_contig_9785,1,3290
Hannah_Begonia_baits-ACmerged_contig_9816,1,873
Hannah_Begonia_baits-ACmerged_contig_9823,1,740
Hannah_Begonia_baits-ACmerged_contig_983,1,2551
Hannah_Begonia_baits-ACmerged_contig_9831,1,1613
Hannah_Begonia_baits-ACmerged_contig_9838,1,2311
Hannah_Begonia_baits-ACmerged_contig_9855,1,1263
Hannah_Begonia_baits-ACmerged_contig_9862,1,1645
Hannah_Begonia_baits-ACmerged_contig_988,1,2221
Hannah_Begonia_baits-ACmerged_contig_9901,1,979
Hannah_Begonia_baits-ACmerged_contig_9906,1,2779
Hannah_Begonia_baits-ACmerged_contig_9951,1,902
Hannah_Begonia_baits-ACmerged_contig_9964,1,1288
Hannah_Begonia_baits-ACmerged_contig_9979,1,656
Hannah_Begonia_baits-ACmerged_contig_9983,1,1715
Hannah_Begonia_baits-Becon104Scf00009g2050.1,1,2763
Hannah_Begonia_baits-Becon104Scf00043g2128.1,1,1635
Hannah_Begonia_baits-Becon104Scf00074g1016.1,1,345
Hannah_Begonia_baits-Becon104Scf00105g1004.1,1,4386
Hannah_Begonia_baits-Becon104Scf00113g1020.1,1,2461
Hannah_Begonia_baits-Becon104Scf00144g0005.1,1,2904
Hannah_Begonia_baits-Becon104Scf00145g1067.1,1,1204
Hannah_Begonia_baits-Becon104Scf00184g1038.1,1,1039
Hannah_Begonia_baits-Becon104Scf00233g0026.1,1,1908
Hannah_Begonia_baits-Becon104Scf00341g0096.1,1,1230
Hannah_Begonia_baits-Becon104Scf00382g0019.1,1,1677
Hannah_Begonia_baits-Becon104Scf00399g0011.1,1,897
Hannah_Begonia_baits-Becon104Scf00540g0002.1,1,3827
Hannah_Begonia_baits-Becon104Scf00540g0006.1,1,1398
Hannah_Begonia_baits-Becon104Scf00567g0021.1,1,3457
Hannah_Begonia_baits-Becon104Scf00574g0014.1,1,4917
Hannah_Begonia_baits-Becon104Scf00622g0014.1,1,744
Hannah_Begonia_baits-Becon104Scf00639g0084.1,1,1371
Hannah_Begonia_baits-Becon104Scf00645g0001.1,1,888
Hannah_Begonia_baits-Becon104Scf00654g0008.1,1,1500
Hannah_Begonia_baits-Becon104Scf00755g0002.1,1,582
Hannah_Begonia_baits-Becon104Scf01004g0001.1,1,2830
Hannah_Begonia_baits-Becon104Scf01085g0064.1,1,2652
Hannah_Begonia_baits-Becon104Scf01167g0029.1,1,1741
Hannah_Begonia_baits-Becon104Scf01396g0025.1,1,1134
Hannah_Begonia_baits-Becon104Scf01845g0012.1,1,1041
Hannah_Begonia_baits-Becon104Scf02322g0015.1,1,1416
Hannah_Begonia_baits-Becon104Scf02403g0003.1,1,1411
Hannah_Begonia_baits-Becon104Scf02614g0016.1,1,5137
Hannah_Begonia_baits-Becon104Scf02854g0002.1,1,1105
Hannah_Begonia_baits-Becon104Scf03147g0009.1,1,402
Hannah_Begonia_baits-Becon104Scf03378g0023.1,1,903
Hannah_Begonia_baits-Becon104Scf04023g0006.1,1,795
Hannah_Begonia_baits-Becon104Scf05057g0012.1,1,5143
Hannah_Begonia_baits-Becon104Scf05579g0008.1,1,1381
Hannah_Begonia_baits-Becon104Scf07591g0002.1,1,831
Hannah_Begonia_baits-Becon104Scf07961g0002.1,1,1197
Hannah_Begonia_baits-Becon104Scf09794g0002.1,1,573
Hannah_Begonia_baits-Becon104Scf14253g0001.1,1,556
Hannah_Begonia_baits-Becon104Scf00845g0063.1,1,3141
Hannah_Begonia_baits-Becon104Scf01449g0053.1,1,2672
Hannah_Begonia_baits-Becon104Scf01122g0006.1,1,1947
Hannah_Begonia_baits-Becon104Scf02747g0032.1,1,1347
Hannah_Begonia_baits-Becon104Scf00004g0014.1,1,219
Hannah_Begonia_baits-Becon104Scf01446g0053.1,1,1605
Hannah_Begonia_baits-Becon104Scf03109g0024.1,1,874
Hannah_Begonia_baits-Becon104Scf09217g0008.1,1,1116
